epoch,time,train/box_loss,train/pose_loss,train/kobj_loss,train/cls_loss,train/dfl_loss,metrics/precision(B),metrics/recall(B),metrics/mAP50(B),metrics/mAP50-95(B),metrics/precision(P),metrics/recall(P),metrics/mAP50(P),metrics/mAP50-95(P),val/box_loss,val/pose_loss,val/kobj_loss,val/cls_loss,val/dfl_loss,lr/pg0,lr/pg1,lr/pg2
1,18.3631,1.36748,11.5203,0.63441,1.97592,1.83583,0.92993,1,0.99486,0.86239,0,0,0,0,0.58071,11.207,0.61329,2.1107,1.07196,0.000652778,0.000652778,0.000652778
2,33.3114,0.41295,10.4781,0.48012,0.35919,1.03163,1,0.93151,0.99486,0.90784,0,0,0,0,0.45129,11.197,0.38673,2.78941,0.79243,0.00131074,0.00131074,0.00131074
3,48.7666,0.47109,9.77295,0.39079,0.39472,1.06528,0.83421,1,0.9808,0.82199,0,0,0,0,0.48576,10.8288,0.28594,1.66664,0.78235,0.00195989,0.00195989,0.00195989
4,63.5035,0.41795,8.8804,0.36395,0.37548,1.03408,0.33247,0.9726,0.91338,0.79708,0,0,0,0,0.50847,10.8208,0.39506,4.5396,0.9139,0.0019604,0.0019604,0.0019604
5,78.4552,0.42087,7.68334,0.31793,0.37412,1.02844,0.99795,1,0.995,0.81256,0.01639,0.0137,0.015,0.003,0.63352,8.97005,0.2802,0.61511,1.06194,0.0019472,0.0019472,0.0019472
6,93.454,0.39739,6.983,0.28851,0.35571,1.01679,0.99844,1,0.995,0.89199,0,0,0,0,0.54035,8.97337,0.26656,0.54459,0.87046,0.001934,0.001934,0.001934
7,107.89,0.37245,6.46852,0.26764,0.33157,0.99729,0.99966,1,0.995,0.91872,0.24566,0.16438,0.11452,0.04087,0.47097,6.29662,0.21274,0.44091,0.81834,0.0019208,0.0019208,0.0019208
8,123.714,0.37155,5.63554,0.26512,0.30869,0.98464,0.99911,1,0.995,0.93655,0.27387,0.27397,0.07969,0.01312,0.43104,5.99842,0.26992,0.43671,0.82401,0.0019076,0.0019076,0.0019076
9,138.501,0.32237,4.85455,0.24153,0.28711,0.96167,0.98507,1,0.995,0.96635,0.55313,0.56164,0.35041,0.07872,0.38694,4.23018,0.2152,0.46747,0.78124,0.0018944,0.0018944,0.0018944
10,153.821,0.31193,4.60971,0.27068,0.279,0.96005,1,0.99902,0.995,0.9367,0.27985,0.27397,0.12893,0.02483,0.38949,4.71723,0.21504,0.41153,0.76309,0.0018812,0.0018812,0.0018812
11,168.713,0.30565,4.52698,0.24862,0.27675,0.93779,0.9904,1,0.995,0.95163,0.40829,0.41096,0.18244,0.04839,0.38123,5.70959,0.19051,0.41186,0.74051,0.001868,0.001868,0.001868
12,183.227,0.30676,3.80375,0.23313,0.26907,0.95662,0.99108,1,0.995,0.93119,0.83657,0.84932,0.74369,0.28656,0.38277,3.00603,0.19127,0.50422,0.77558,0.0018548,0.0018548,0.0018548
13,198.862,0.30317,4.00927,0.22191,0.26811,0.9323,0.98608,1,0.995,0.96448,0.31025,0.31507,0.11064,0.02644,0.35053,4.7888,0.20746,0.41175,0.73047,0.0018416,0.0018416,0.0018416
14,213.549,0.28767,3.87675,0.23039,0.25583,0.9372,0.99902,1,0.995,0.95047,0.80751,0.80822,0.66681,0.21821,0.37165,2.91339,0.18157,0.39864,0.74594,0.0018284,0.0018284,0.0018284
15,228.512,0.28551,3.51673,0.22799,0.24539,0.92071,0.99912,1,0.995,0.94347,0.79433,0.79452,0.66374,0.257,0.3429,2.72257,0.19092,0.31639,0.7479,0.0018152,0.0018152,0.0018152
16,243.188,0.29086,3.2771,0.21709,0.24529,0.92752,0.9986,1,0.995,0.92373,0.87543,0.87671,0.8264,0.36345,0.40141,2.59889,0.18173,0.39541,0.75929,0.001802,0.001802,0.001802
17,258.73,0.27385,3.13337,0.21311,0.24479,0.92479,0.99804,1,0.995,0.94834,0.86133,0.86301,0.8087,0.27553,0.32612,2.88528,0.18799,0.33588,0.72122,0.0017888,0.0017888,0.0017888
18,273.329,0.26145,3.05164,0.20828,0.23861,0.91543,0.99888,1,0.995,0.9131,0.97212,0.9726,0.96486,0.53443,0.37409,2.08969,0.17401,0.28123,0.77358,0.0017756,0.0017756,0.0017756
19,288.967,0.26537,2.67329,0.20085,0.23205,0.91247,0.99898,1,0.995,0.96761,0.90355,0.90411,0.84715,0.36276,0.31643,2.51218,0.16947,0.32458,0.70656,0.0017624,0.0017624,0.0017624
20,303.672,0.27849,2.85299,0.20095,0.23647,0.90919,0.99916,1,0.995,0.95989,0.79385,0.79452,0.63479,0.21145,0.33267,2.92322,0.17936,0.35471,0.72978,0.0017492,0.0017492,0.0017492
21,318.555,0.24945,2.99164,0.20021,0.22933,0.90999,0.99898,1,0.995,0.95968,0.95792,0.9589,0.93669,0.34612,0.32688,2.32161,0.1661,0.32248,0.70252,0.001736,0.001736,0.001736
22,333.301,0.24295,2.72351,0.19358,0.22215,0.89421,0.99839,1,0.995,0.94091,0.95736,0.9589,0.93776,0.46968,0.3427,2.15722,0.16517,0.35605,0.746,0.0017228,0.0017228,0.0017228
23,347.775,0.25387,2.55358,0.19196,0.22498,0.90287,0.99812,1,0.995,0.95732,0.92971,0.93151,0.90816,0.39896,0.31868,2.2293,0.1691,0.31518,0.71422,0.0017096,0.0017096,0.0017096
24,363.334,0.24504,2.21118,0.1814,0.21626,0.90931,0.99785,1,0.995,0.96432,0.9295,0.93151,0.92066,0.48362,0.29774,2.07708,0.16423,0.28441,0.72306,0.0016964,0.0016964,0.0016964
25,379.971,0.2344,2.26253,0.18589,0.21014,0.89898,0.99902,1,0.995,0.93142,0.90377,0.90411,0.89112,0.41142,0.38828,2.13458,0.16549,0.32697,0.7492,0.0016832,0.0016832,0.0016832
26,395.5,0.24121,2.48448,0.17912,0.21437,0.89312,0.99922,1,0.995,0.96745,0.94503,0.94521,0.93532,0.41875,0.32776,2.1806,0.16048,0.29148,0.70698,0.00167,0.00167,0.00167
27,410.478,0.24495,2.19477,0.17524,0.20973,0.89412,0.99914,1,0.995,0.95993,0.97177,0.9726,0.9729,0.48024,0.30336,1.7819,0.15643,0.32415,0.68902,0.0016568,0.0016568,0.0016568
28,425.349,0.22663,2.11914,0.17357,0.20766,0.87707,0.99894,1,0.995,0.93926,0.93079,0.93151,0.90351,0.42816,0.40552,2.19416,0.15387,0.40379,0.76879,0.0016436,0.0016436,0.0016436
29,439.874,0.23385,2.21643,0.17291,0.20916,0.89884,0.99924,1,0.995,0.96352,0.98555,0.9863,0.9813,0.57181,0.30923,1.45395,0.16062,0.3298,0.69955,0.0016304,0.0016304,0.0016304
30,455.676,0.21481,1.88919,0.1727,0.19601,0.88708,0.99926,1,0.995,0.95995,0.95818,0.9589,0.93798,0.54509,0.299,1.78368,0.15343,0.29183,0.68512,0.0016172,0.0016172,0.0016172
31,470.985,0.22465,2.12104,0.16838,0.20531,0.88042,0.99893,1,0.995,0.96632,0.95816,0.9589,0.93583,0.4938,0.31585,1.68705,0.1557,0.2988,0.70832,0.001604,0.001604,0.001604
32,486.053,0.21921,2.08526,0.16259,0.20436,0.88478,0.99925,1,0.995,0.96432,0.98554,0.9863,0.98459,0.55816,0.29949,1.59121,0.15587,0.27974,0.68694,0.0015908,0.0015908,0.0015908
33,500.84,0.22064,1.97302,0.16868,0.20454,0.88322,0.99908,1,0.995,0.95647,0.96545,0.9589,0.9438,0.5053,0.30491,1.75274,0.15047,0.32245,0.69586,0.0015776,0.0015776,0.0015776
34,515.989,0.22487,1.93827,0.16453,0.2078,0.88036,0.98547,1,0.99473,0.96049,0.97187,0.9863,0.98473,0.43431,0.33068,2.13382,0.1415,0.29533,0.70948,0.0015644,0.0015644,0.0015644
35,530.792,0.21213,2.02619,0.16379,0.20251,0.88634,0.9991,1,0.995,0.97318,0.99299,0.9863,0.985,0.59439,0.27293,1.84419,0.15617,0.25662,0.66583,0.0015512,0.0015512,0.0015512
36,546.389,0.20564,1.91087,0.15555,0.19681,0.88206,0.99883,1,0.995,0.94532,0.98515,0.9863,0.98486,0.53918,0.37075,1.55658,0.15063,0.31851,0.7269,0.001538,0.001538,0.001538
37,561.631,0.19763,1.69673,0.15796,0.1874,0.87529,0.99929,1,0.995,0.95051,0.98107,0.9726,0.9725,0.54284,0.27891,1.72268,0.14836,0.24923,0.65359,0.0015248,0.0015248,0.0015248
38,576.937,0.21219,1.85256,0.15704,0.19365,0.88348,0.99918,1,0.995,0.96291,0.95831,0.9589,0.94907,0.58505,0.28846,1.70676,0.14336,0.31425,0.66836,0.0015116,0.0015116,0.0015116
39,591.981,0.22243,1.66931,0.15723,0.19477,0.89069,0.99923,1,0.995,0.92654,0.97185,0.9726,0.97128,0.65391,0.3416,1.24745,0.14978,0.3118,0.69829,0.0014984,0.0014984,0.0014984
40,607.653,0.20507,1.48,0.14571,0.19152,0.88832,0.9982,1,0.995,0.95619,0.98453,0.9863,0.98034,0.59041,0.33555,1.43056,0.14467,0.28811,0.68791,0.0014852,0.0014852,0.0014852
41,622.379,0.21307,1.56626,0.15109,0.19205,0.87416,0.99924,1,0.995,0.97893,0.97198,0.9726,0.96722,0.57535,0.28218,1.48685,0.1401,0.26014,0.68424,0.001472,0.001472,0.001472
42,637.437,0.19788,1.51243,0.14588,0.18409,0.87866,0.99923,1,0.995,0.96073,0.98554,0.9863,0.98445,0.61326,0.25958,1.46851,0.13714,0.27172,0.64656,0.0014588,0.0014588,0.0014588
43,652.366,0.19025,1.59819,0.14647,0.1789,0.8718,0.99924,1,0.995,0.97415,0.98555,0.9863,0.98199,0.58416,0.28506,1.37608,0.14193,0.2861,0.69192,0.0014456,0.0014456,0.0014456
44,667.378,0.20343,1.46697,0.1478,0.18534,0.87317,0.99968,1,0.995,0.9755,0.99802,0.9863,0.99349,0.68598,0.26875,1.05888,0.13661,0.23974,0.65575,0.0014324,0.0014324,0.0014324
45,683.091,0.20255,1.49864,0.14564,0.18888,0.87489,0.99921,1,0.995,0.97182,0.98552,0.9863,0.98185,0.67909,0.25325,1.24622,0.13668,0.25791,0.64735,0.0014192,0.0014192,0.0014192
46,698.097,0.20235,1.465,0.15186,0.19158,0.87366,0.99927,1,0.995,0.97299,0.9445,0.94521,0.94614,0.60865,0.26015,1.40034,0.13422,0.25949,0.66286,0.001406,0.001406,0.001406
47,713.03,0.1872,1.4215,0.14309,0.17677,0.87001,0.99926,1,0.995,0.97046,0.99926,1,0.995,0.71471,0.27517,1.04556,0.1329,0.29174,0.66482,0.0013928,0.0013928,0.0013928
48,728.276,0.18038,1.36601,0.14348,0.17333,0.87226,0.99924,1,0.995,0.97075,0.98556,0.9863,0.98459,0.65487,0.28019,1.27246,0.13683,0.30111,0.65187,0.0013796,0.0013796,0.0013796
49,743.067,0.19043,1.46282,0.14611,0.17878,0.87309,0.99913,1,0.995,0.96046,0.98545,0.9863,0.98349,0.671,0.26167,1.17859,0.13761,0.24544,0.65077,0.0013664,0.0013664,0.0013664
50,757.82,0.18215,1.51789,0.13931,0.17218,0.86895,0.99927,1,0.995,0.96631,0.98558,0.9863,0.98253,0.6504,0.26864,1.24111,0.13948,0.26933,0.63811,0.0013532,0.0013532,0.0013532
51,772.474,0.18565,1.49061,0.14404,0.17056,0.86571,0.99928,1,0.995,0.94924,0.98559,0.9863,0.9839,0.68941,0.29601,1.17545,0.13819,0.28266,0.68666,0.00134,0.00134,0.00134
52,787.343,0.1788,1.37911,0.13761,0.16662,0.87055,0.99928,1,0.995,0.97993,0.98559,0.9863,0.9839,0.71296,0.25158,0.99216,0.12987,0.29144,0.65016,0.0013268,0.0013268,0.0013268
53,802.771,0.18664,1.46208,0.13993,0.17248,0.87386,0.99924,1,0.995,0.96016,0.98555,0.9863,0.98144,0.61758,0.27406,1.26203,0.13379,0.28131,0.66971,0.0013136,0.0013136,0.0013136
54,817.706,0.18807,1.31923,0.14082,0.1719,0.88067,0.99894,1,0.995,0.95753,0.98523,0.9863,0.98308,0.71041,0.2596,1.09776,0.13269,0.34498,0.65167,0.0013004,0.0013004,0.0013004
55,832.633,0.20236,1.3886,0.13729,0.17807,0.88004,0.99927,1,0.995,0.91818,0.98558,0.9863,0.9739,0.64973,0.34004,1.26246,0.13344,0.29674,0.70979,0.0012872,0.0012872,0.0012872
56,847.36,0.17679,1.40111,0.13513,0.17047,0.87087,0.99922,1,0.995,0.95968,0.98553,0.9863,0.98048,0.61678,0.26498,1.402,0.13963,0.29539,0.65473,0.001274,0.001274,0.001274
57,862.236,0.17876,1.4309,0.13614,0.1685,0.85973,0.99927,1,0.995,0.96651,0.9858,0.9863,0.985,0.63909,0.25323,1.39026,0.13502,0.283,0.63042,0.0012608,0.0012608,0.0012608
58,877.399,0.17934,1.3129,0.13679,0.16479,0.869,0.99928,1,0.995,0.97468,0.98624,0.9863,0.985,0.69146,0.25888,1.36123,0.12574,0.28327,0.64157,0.0012476,0.0012476,0.0012476
59,892.47,0.17685,1.38677,0.13574,0.16033,0.87086,0.99927,1,0.995,0.97268,0.98558,0.9863,0.9839,0.68696,0.26891,1.21164,0.12073,0.25525,0.66664,0.0012344,0.0012344,0.0012344
60,907.421,0.17145,1.31868,0.13584,0.16192,0.85966,0.99922,1,0.995,0.96816,0.98554,0.9863,0.9839,0.70766,0.26466,1.16428,0.12808,0.28946,0.6525,0.0012212,0.0012212,0.0012212
61,922.542,0.16891,1.25536,0.13566,0.15653,0.86031,0.99928,1,0.995,0.97552,0.98606,0.9863,0.985,0.73369,0.26581,0.98319,0.1319,0.27127,0.66786,0.001208,0.001208,0.001208
62,938.548,0.17313,1.26291,0.13568,0.1605,0.86312,0.99899,1,0.995,0.97305,0.98555,0.9863,0.985,0.72432,0.28507,0.99536,0.13134,0.28955,0.66012,0.0011948,0.0011948,0.0011948
63,954.003,0.19289,1.23384,0.13537,0.16925,0.86507,0.99927,1,0.995,0.96899,0.95851,0.9589,0.93417,0.68099,0.28368,1.08808,0.12631,0.26893,0.67048,0.0011816,0.0011816,0.0011816
64,969.396,0.17004,1.26604,0.13412,0.15931,0.86193,0.98648,0.99948,0.99486,0.95198,0.98575,0.9726,0.975,0.69154,0.2928,1.21167,0.12398,0.32781,0.65608,0.0011684,0.0011684,0.0011684
65,985.003,0.16638,1.17167,0.12897,0.15514,0.86616,0.99929,1,0.995,0.95428,0.98624,0.9863,0.985,0.76203,0.27903,1.00871,0.13036,0.23032,0.66483,0.0011552,0.0011552,0.0011552
66,1000.81,0.16478,1.10166,0.13334,0.15562,0.86888,0.99939,1,0.995,0.96072,0.99462,0.9863,0.985,0.64213,0.27904,1.15348,0.12825,0.26998,0.6682,0.001142,0.001142,0.001142
67,1015.93,0.17487,1.171,0.13429,0.16248,0.86758,0.99928,1,0.995,0.96944,0.98625,0.9863,0.985,0.70125,0.2656,1.07294,0.12826,0.24226,0.67085,0.0011288,0.0011288,0.0011288
68,1030.76,0.17941,1.28215,0.12732,0.162,0.86574,0.99942,1,0.995,0.94712,0.99621,0.9863,0.985,0.68061,0.27983,1.10831,0.12269,0.24873,0.65916,0.0011156,0.0011156,0.0011156
69,1046.19,0.16429,1.13435,0.12891,0.1546,0.8656,0.99947,1,0.995,0.97249,0.99947,1,0.995,0.78124,0.26,0.88324,0.11917,0.24164,0.63383,0.0011024,0.0011024,0.0011024
70,1061.91,0.16,1.12728,0.13288,0.1546,0.86449,0.99926,1,0.995,0.97691,0.98625,0.9863,0.985,0.75587,0.25749,0.95842,0.11795,0.25288,0.66063,0.0010892,0.0010892,0.0010892
71,1077.23,0.15771,1.05605,0.13135,0.15623,0.85197,0.99931,1,0.995,0.98184,0.98961,0.9863,0.985,0.75367,0.25121,0.94434,0.11496,0.26676,0.64234,0.001076,0.001076,0.001076
72,1091.95,0.168,1.01824,0.13018,0.15877,0.8549,0.99933,1,0.995,0.97182,0.99175,0.9863,0.985,0.74342,0.25613,0.86009,0.12357,0.27488,0.64305,0.0010628,0.0010628,0.0010628
73,1107.14,0.17171,1.02201,0.12557,0.15639,0.85645,0.99927,1,0.995,0.95093,0.9857,0.9863,0.985,0.76689,0.27418,0.90027,0.12191,0.22876,0.6514,0.0010496,0.0010496,0.0010496
74,1121.87,0.17061,1.04797,0.12757,0.15613,0.86521,0.99948,1,0.995,0.98425,0.99717,0.9863,0.99473,0.76532,0.24403,0.89957,0.11863,0.28626,0.65092,0.0010364,0.0010364,0.0010364
75,1136.86,0.15814,1.03808,0.13314,0.14548,0.8524,0.99926,1,0.995,0.97847,0.98572,0.9863,0.985,0.79233,0.24552,0.83288,0.11782,0.22581,0.6191,0.0010232,0.0010232,0.0010232
76,1152.57,0.16569,1.00044,0.12705,0.14982,0.86683,0.99923,1,0.995,0.97389,0.98554,0.9863,0.98158,0.74974,0.24407,0.95809,0.11933,0.29618,0.63733,0.00101,0.00101,0.00101
77,1167.44,0.15418,1.06411,0.12711,0.15219,0.86263,0.99917,1,0.995,0.97674,0.98567,0.9863,0.985,0.70707,0.26725,1.01656,0.1255,0.24346,0.64857,0.0009968,0.0009968,0.0009968
78,1182.5,0.14918,1.02394,0.12029,0.14557,0.85595,0.99932,1,0.995,0.982,0.98901,0.9863,0.985,0.7531,0.23772,0.88415,0.1217,0.21251,0.62163,0.0009836,0.0009836,0.0009836
79,1197.66,0.14689,1.06101,0.12684,0.14574,0.85372,0.99934,1,0.995,0.97898,0.99227,0.9863,0.985,0.79912,0.2357,0.84594,0.11662,0.29167,0.61856,0.0009704,0.0009704,0.0009704
80,1212.97,0.15352,0.99418,0.12505,0.14175,0.84887,0.99944,1,0.995,0.96553,0.99604,0.9863,0.985,0.78224,0.24597,0.84442,0.11443,0.27139,0.64276,0.0009572,0.0009572,0.0009572
81,1228.1,0.14683,0.89956,0.11963,0.13918,0.84822,0.99935,1,0.995,0.95767,0.993,0.9863,0.985,0.78046,0.26063,0.87911,0.11979,0.2363,0.65254,0.000944,0.000944,0.000944
82,1243.56,0.14788,0.92722,0.12388,0.14299,0.84987,1,1,0.995,0.9831,0.99116,0.9863,0.985,0.80134,0.23264,0.81912,0.12223,0.29162,0.61438,0.0009308,0.0009308,0.0009308
83,1259.4,0.14608,0.88391,0.12284,0.14408,0.84888,0.99925,1,0.995,0.97884,0.98557,0.9863,0.98486,0.81565,0.2409,0.78669,0.11872,0.30793,0.64896,0.0009176,0.0009176,0.0009176
84,1275.48,0.14389,0.98175,0.12373,0.1375,0.85976,0.99948,1,0.995,0.94391,0.9968,0.9863,0.99436,0.75026,0.26937,0.91014,0.12644,0.29833,0.66295,0.0009044,0.0009044,0.0009044
85,1290.06,0.14373,0.98151,0.12093,0.13997,0.85803,0.99971,1,0.995,0.97835,0.99809,0.9863,0.99473,0.81324,0.25681,0.78919,0.12433,0.31078,0.65339,0.0008912,0.0008912,0.0008912
86,1304.9,0.14397,0.92079,0.12214,0.13834,0.85194,0.9994,1,0.995,0.95811,0.9994,1,0.995,0.8043,0.24463,0.83208,0.11647,0.24917,0.62974,0.000878,0.000878,0.000878
87,1320.36,0.14535,0.95815,0.12096,0.14166,0.85627,0.99934,1,0.995,0.98174,0.99152,0.9863,0.985,0.78309,0.24489,0.85025,0.11671,0.21476,0.62992,0.0008648,0.0008648,0.0008648
88,1335.21,0.13715,0.91361,0.12111,0.13452,0.85003,1,0.99843,0.995,0.98739,1,0.99843,0.995,0.7808,0.22097,0.83362,0.11836,0.28284,0.61771,0.0008516,0.0008516,0.0008516
89,1350.8,0.14738,0.90266,0.11979,0.14186,0.85847,0.99932,1,0.995,0.97243,0.99038,0.9863,0.985,0.79954,0.25263,0.81024,0.1183,0.22647,0.63474,0.0008384,0.0008384,0.0008384
90,1365.85,0.14782,0.90494,0.12057,0.14269,0.85834,0.99937,1,0.995,0.98101,0.99422,0.9863,0.985,0.78546,0.2361,0.81631,0.11695,0.24188,0.61884,0.0008252,0.0008252,0.0008252
91,1380.54,0.16167,0.98969,0.12298,0.15046,0.85444,0.99929,1,0.995,0.98575,0.99027,0.9863,0.985,0.78939,0.23644,0.83367,0.11213,0.3092,0.63088,0.000812,0.000812,0.000812
92,1395.43,0.14602,0.78278,0.11778,0.13844,0.85197,0.9993,1,0.995,0.98792,0.98621,0.9863,0.985,0.82627,0.2426,0.63911,0.11869,0.29557,0.62853,0.0007988,0.0007988,0.0007988
93,1411.61,0.15067,0.78818,0.11905,0.14162,0.85319,0.99934,1,0.995,0.98676,0.99934,1,0.995,0.77888,0.22868,0.77781,0.11387,0.23954,0.62072,0.0007856,0.0007856,0.0007856
94,1426.19,0.14458,0.83106,0.12135,0.13859,0.85112,0.9993,1,0.995,0.96736,0.99076,0.9863,0.985,0.80692,0.25056,0.73723,0.11378,0.28767,0.647,0.0007724,0.0007724,0.0007724
95,1441.12,0.14294,0.81081,0.11654,0.13336,0.85378,0.99926,1,0.995,0.96872,0.98573,0.9863,0.985,0.8176,0.25844,0.70625,0.12267,0.26862,0.64193,0.0007592,0.0007592,0.0007592
96,1456.43,0.1362,0.79309,0.11639,0.13284,0.85477,0.99924,1,0.995,0.9631,0.99546,0.9863,0.985,0.81285,0.23987,0.82081,0.12205,0.2727,0.63483,0.000746,0.000746,0.000746
97,1470.73,0.1352,0.83688,0.12168,0.13344,0.84923,0.99926,1,0.995,0.9789,0.97255,0.9726,0.975,0.80502,0.22349,0.81926,0.11077,0.26439,0.6116,0.0007328,0.0007328,0.0007328
98,1486.63,0.13633,0.76714,0.11929,0.13242,0.84406,0.9992,1,0.995,0.98227,0.98565,0.9863,0.99339,0.80282,0.23623,0.76765,0.11639,0.28537,0.64037,0.0007196,0.0007196,0.0007196
99,1501.81,0.13444,0.77477,0.1175,0.13026,0.85542,0.99927,1,0.995,0.9698,0.98562,0.9863,0.985,0.77096,0.22853,0.86816,0.11788,0.26825,0.6166,0.0007064,0.0007064,0.0007064
100,1517.35,0.13792,0.74608,0.11687,0.12964,0.84833,0.99928,1,0.995,0.983,0.98568,0.9863,0.985,0.82593,0.22479,0.68138,0.11417,0.25538,0.62086,0.0006932,0.0006932,0.0006932
101,1533.02,0.12831,0.72814,0.11811,0.12424,0.85075,0.99928,1,0.995,0.97483,0.98568,0.9863,0.985,0.82244,0.23535,0.70443,0.11278,0.23045,0.62557,0.00068,0.00068,0.00068
102,1548.61,0.1288,0.78194,0.12206,0.12491,0.85426,0.9993,1,0.995,0.98842,0.986,0.9863,0.985,0.81931,0.2168,0.71105,0.11451,0.24132,0.59979,0.0006668,0.0006668,0.0006668
103,1564.15,0.12482,0.75164,0.11783,0.12211,0.84726,0.99927,1,0.995,0.96879,0.98578,0.9863,0.985,0.84493,0.22384,0.68027,0.11891,0.29447,0.62014,0.0006536,0.0006536,0.0006536
104,1579.86,0.13151,0.69067,0.12141,0.12684,0.84896,0.99929,1,0.995,0.96338,0.98614,0.9863,0.985,0.80027,0.22606,0.6929,0.10816,0.25971,0.63101,0.0006404,0.0006404,0.0006404
105,1594.83,0.12902,0.70022,0.1123,0.12303,0.85644,1,1,0.995,0.95414,0.9863,0.9863,0.985,0.8452,0.2325,0.63355,0.11669,0.2411,0.64734,0.0006272,0.0006272,0.0006272
106,1610.02,0.12753,0.66148,0.11377,0.12688,0.85719,0.99928,1,0.995,0.9703,0.98559,0.9863,0.98486,0.84189,0.2323,0.59455,0.11498,0.22377,0.63069,0.000614,0.000614,0.000614
107,1625.68,0.13017,0.65334,0.11526,0.12323,0.84439,0.9993,1,0.995,0.96964,0.9861,0.9863,0.985,0.80079,0.24236,0.68465,0.10781,0.28243,0.6309,0.0006008,0.0006008,0.0006008
108,1641.29,0.12711,0.60936,0.11413,0.12204,0.84526,0.99929,1,0.995,0.97813,0.98603,0.9863,0.985,0.85748,0.22381,0.63515,0.11227,0.29111,0.61271,0.0005876,0.0005876,0.0005876
109,1657.62,0.12625,0.64098,0.11379,0.12331,0.85166,0.99929,1,0.995,0.97642,0.98604,0.9863,0.985,0.85566,0.22751,0.62345,0.11276,0.37556,0.62733,0.0005744,0.0005744,0.0005744
110,1673.34,0.1264,0.63149,0.11324,0.1234,0.84335,0.99931,1,0.995,0.97438,0.98621,0.9863,0.985,0.86223,0.22682,0.57878,0.10628,0.29942,0.61736,0.0005612,0.0005612,0.0005612
111,1689.43,0.12406,0.64209,0.11003,0.12486,0.8455,1,1,0.995,0.97248,0.9863,0.9863,0.985,0.83314,0.22439,0.61567,0.10726,0.32924,0.61815,0.000548,0.000548,0.000548
112,1704.66,0.1202,0.64834,0.11684,0.12068,0.84499,0.99929,1,0.995,0.96984,0.99929,1,0.995,0.84113,0.21417,0.56274,0.11074,0.25496,0.61894,0.0005348,0.0005348,0.0005348
113,1720.08,0.11938,0.63107,0.11058,0.11744,0.85557,0.99928,1,0.995,0.97818,0.98579,0.9863,0.985,0.84397,0.21657,0.65361,0.10737,0.23901,0.61745,0.0005216,0.0005216,0.0005216
114,1735.54,0.11776,0.60278,0.1119,0.11723,0.84337,0.99932,1,0.995,0.98179,0.9886,0.9863,0.985,0.84442,0.22546,0.58821,0.10821,0.25279,0.62427,0.0005084,0.0005084,0.0005084
115,1750.87,0.12377,0.61958,0.11651,0.12087,0.84948,0.99928,1,0.995,0.98345,0.98581,0.9863,0.985,0.852,0.21324,0.5783,0.1101,0.28374,0.61806,0.0004952,0.0004952,0.0004952
116,1766.63,0.12135,0.57863,0.11201,0.11815,0.84311,0.99928,1,0.995,0.98462,0.9858,0.9863,0.985,0.85534,0.21404,0.59452,0.12191,0.33546,0.61143,0.000482,0.000482,0.000482
117,1782.54,0.11828,0.58376,0.11287,0.11748,0.8447,0.99924,1,0.995,0.97327,0.98573,0.9863,0.985,0.88334,0.22581,0.56469,0.10897,0.26561,0.63662,0.0004688,0.0004688,0.0004688
118,1799.24,0.11744,0.53626,0.10926,0.11513,0.84755,0.99927,1,0.995,0.97433,0.9858,0.9863,0.985,0.87788,0.22565,0.53768,0.10847,0.28275,0.63421,0.0004556,0.0004556,0.0004556
119,1814.77,0.11858,0.51695,0.11709,0.1163,0.84136,1,1,0.995,0.97686,0.9863,0.9863,0.985,0.88475,0.21622,0.54016,0.10525,0.2801,0.6213,0.0004424,0.0004424,0.0004424
120,1830.41,0.11761,0.48887,0.10886,0.1132,0.84003,0.99922,1,0.995,0.98363,0.98553,0.9863,0.98486,0.87791,0.20544,0.53735,0.10601,0.33811,0.61044,0.0004292,0.0004292,0.0004292
121,1845.82,0.11474,0.55576,0.10946,0.11247,0.8508,0.9993,1,0.995,0.97906,0.98591,0.9863,0.985,0.86697,0.22134,0.55741,0.10786,0.31605,0.62391,0.000416,0.000416,0.000416
122,1860.99,0.10874,0.51726,0.11123,0.11406,0.84354,0.99929,1,0.995,0.97748,0.98571,0.9863,0.985,0.88758,0.21077,0.51171,0.10607,0.22365,0.61975,0.0004028,0.0004028,0.0004028
123,1876.84,0.10775,0.49043,0.1097,0.10757,0.84351,0.9993,1,0.995,0.98273,0.98595,0.9863,0.985,0.88293,0.21285,0.53279,0.10122,0.23939,0.61386,0.0003896,0.0003896,0.0003896
124,1892.47,0.10983,0.48641,0.10945,0.10936,0.84375,0.99927,1,0.995,0.98767,0.98558,0.9863,0.98432,0.88621,0.20492,0.51493,0.10521,0.26081,0.60846,0.0003764,0.0003764,0.0003764
125,1908.4,0.10964,0.52932,0.11139,0.10997,0.83794,0.99928,1,0.995,0.97738,0.98575,0.9863,0.985,0.89294,0.21595,0.47705,0.10823,0.26205,0.61427,0.0003632,0.0003632,0.0003632
126,1923.74,0.11446,0.48703,0.11123,0.11099,0.84144,0.99928,1,0.995,0.97545,0.98559,0.9863,0.98404,0.89285,0.21614,0.52696,0.11258,0.26719,0.61591,0.00035,0.00035,0.00035
127,1938.88,0.11267,0.52693,0.11031,0.11259,0.85262,0.99927,1,0.995,0.98402,0.98574,0.9863,0.985,0.90884,0.21857,0.4682,0.10947,0.25808,0.61779,0.0003368,0.0003368,0.0003368
128,1954.88,0.10689,0.49837,0.10973,0.10558,0.83771,0.99929,1,0.995,0.98757,0.9856,0.9863,0.98459,0.87448,0.21781,0.56727,0.10359,0.29117,0.61799,0.0003236,0.0003236,0.0003236
129,1970.55,0.10056,0.4657,0.10928,0.10286,0.84974,0.99929,1,0.995,0.98346,0.98561,0.9863,0.98486,0.90441,0.21511,0.46534,0.10876,0.31373,0.6197,0.0003104,0.0003104,0.0003104
130,1985.73,0.10537,0.44344,0.10572,0.10525,0.83844,1,1,0.995,0.98116,0.9863,0.9863,0.98486,0.90706,0.21715,0.46005,0.11008,0.22961,0.62011,0.0002972,0.0002972,0.0002972
131,2000.78,0.10554,0.45949,0.10752,0.1075,0.8467,0.99928,1,0.995,0.98282,0.98568,0.9863,0.985,0.89403,0.21586,0.45691,0.10877,0.22977,0.61692,0.000284,0.000284,0.000284
132,2015.88,0.10621,0.44055,0.10755,0.10552,0.829,0.99929,1,0.995,0.98741,0.9856,0.9863,0.98486,0.90676,0.21371,0.44934,0.10778,0.21582,0.61831,0.0002708,0.0002708,0.0002708
133,2031.73,0.10394,0.43273,0.10924,0.10525,0.84093,0.99929,1,0.995,0.99056,0.9856,0.9863,0.98445,0.91391,0.2066,0.44726,0.10676,0.26076,0.61044,0.0002576,0.0002576,0.0002576
134,2048.2,0.10067,0.39688,0.10746,0.10416,0.84427,0.99928,1,0.995,0.97934,0.98567,0.9863,0.985,0.92041,0.21834,0.45292,0.10846,0.23725,0.61145,0.0002444,0.0002444,0.0002444
135,2062.61,0.10091,0.39634,0.10717,0.10196,0.84135,0.99929,1,0.995,0.983,0.9856,0.9863,0.98459,0.91941,0.21561,0.43022,0.10734,0.40426,0.61863,0.0002312,0.0002312,0.0002312
136,2078.19,0.10256,0.39314,0.10642,0.10362,0.83628,0.99928,1,0.995,0.98529,0.98559,0.9863,0.98486,0.91858,0.21361,0.45818,0.11288,0.29741,0.61486,0.000218,0.000218,0.000218
137,2093.64,0.09969,0.3815,0.11321,0.09944,0.83351,0.99929,1,0.995,0.9858,0.98562,0.9863,0.98486,0.91692,0.20543,0.426,0.1186,0.23431,0.60264,0.0002048,0.0002048,0.0002048
138,2108.65,0.10085,0.38842,0.10489,0.09765,0.84964,0.99928,1,0.995,0.98779,0.98565,0.9863,0.985,0.91376,0.21583,0.465,0.11508,0.27224,0.62107,0.0001916,0.0001916,0.0001916
139,2124.75,0.10143,0.39652,0.10836,0.10066,0.83889,0.9993,1,0.995,0.98765,0.98561,0.9863,0.98486,0.92465,0.21049,0.43081,0.11677,0.24345,0.60938,0.0001784,0.0001784,0.0001784
140,2140.55,0.0982,0.39345,0.11316,0.09959,0.84125,1,1,0.995,0.98832,0.9863,0.9863,0.985,0.92568,0.20167,0.43166,0.11319,0.22937,0.60201,0.0001652,0.0001652,0.0001652
141,2160.79,0.09532,0.37993,0.10764,0.09545,0.8336,0.99929,1,0.995,0.98648,0.9856,0.9863,0.98089,0.92377,0.20239,0.45609,0.10979,0.22382,0.59805,0.000152,0.000152,0.000152
142,2175.73,0.0958,0.36322,0.1088,0.09303,0.83597,1,1,0.995,0.98743,0.9863,0.9863,0.98349,0.9258,0.2066,0.41034,0.11255,0.23711,0.60603,0.0001388,0.0001388,0.0001388
143,2190.65,0.09492,0.36586,0.10982,0.09511,0.8298,0.9993,1,0.995,0.98796,0.98561,0.9863,0.98377,0.9332,0.19338,0.40669,0.11246,0.227,0.58547,0.0001256,0.0001256,0.0001256
144,2206.75,0.09202,0.35075,0.10634,0.09298,0.84155,0.9993,1,0.995,0.98311,0.98561,0.9863,0.98253,0.90923,0.20431,0.40934,0.1075,0.24185,0.60479,0.0001124,0.0001124,0.0001124
145,2222.25,0.09039,0.34059,0.10667,0.09182,0.83658,0.99929,1,0.995,0.98018,0.9856,0.9863,0.9839,0.91389,0.19966,0.41239,0.10356,0.26333,0.6073,9.92e-05,9.92e-05,9.92e-05
146,2237.17,0.08984,0.34917,0.10737,0.08901,0.83742,0.99929,1,0.995,0.98093,0.9856,0.9863,0.98404,0.90917,0.19901,0.422,0.09985,0.26628,0.60104,8.6e-05,8.6e-05,8.6e-05
147,2252.15,0.09143,0.3317,0.10528,0.09257,0.84077,0.99929,1,0.995,0.97925,0.9856,0.9863,0.98432,0.90574,0.19826,0.41137,0.09821,0.22571,0.59712,7.28e-05,7.28e-05,7.28e-05
148,2267.48,0.08813,0.33391,0.10703,0.09084,0.83086,0.99929,1,0.995,0.98378,0.98561,0.9863,0.98432,0.91863,0.19673,0.41445,0.09904,0.22768,0.59561,5.96e-05,5.96e-05,5.96e-05
149,2282.7,0.08968,0.3317,0.10888,0.09087,0.83538,1,1,0.995,0.98077,0.9863,0.9863,0.98445,0.90808,0.19525,0.413,0.09974,0.22638,0.59362,4.64e-05,4.64e-05,4.64e-05
150,2297.62,0.08521,0.33294,0.10634,0.08862,0.83719,1,1,0.995,0.98045,0.9863,0.9863,0.98349,0.91524,0.19432,0.41602,0.10021,0.21775,0.59277,3.32e-05,3.32e-05,3.32e-05
